,X,Y,label
0,0.10209945,-0.20190346,0.0
1,0.21197955,-0.019120995,0.0
2,0.11795257,-0.081271596,0.0
3,0.025512075,0.35610196,0.0
4,-0.20119493,0.26039374,0.0
5,-0.23441441,-0.06225292,0.0
6,-0.25267032,0.12899566,0.0
7,-0.097205035,0.13420658,0.0
8,-0.15944284,-0.1554138,0.0
9,-0.10525823,-0.044272758,0.0
10,-0.27297142,-0.25985414,0.0
11,0.31449434,0.053186398,0.0
12,-0.3618754,-0.26818502,0.0
13,-0.2232185,0.08216299,0.0
14,0.44666633,-0.03479323,0.0
15,0.041378945,-0.27965075,0.0
16,0.014079979,0.17636365,0.0
17,-0.2047915,-0.15457352,0.0
18,-0.39537182,0.26083466,0.0
19,0.2014721,0.1288389,0.0
20,-0.066214226,-0.06667886,0.0
21,0.0579134,0.2778065,0.0
22,-0.21312468,0.12115531,0.0
23,-0.33416423,-0.016183753,0.0
24,-0.5134448,-0.045227997,0.0
25,0.18031603,0.12764525,0.0
26,0.088974714,0.012122767,0.0
27,-0.047073666,-0.029966606,0.0
28,-0.1396144,-0.16442907,0.0
29,-0.18939483,0.080593586,0.0
30,0.15890795,0.53424555,0.0
31,-0.16089512,0.021869445,0.0
32,0.095221646,0.3662794,0.0
33,0.11957534,-0.23664288,0.0
34,-0.2751035,-0.15201533,0.0
35,0.035820324,-0.09721176,0.0
36,-0.04749696,-0.25459808,0.0
37,0.09628188,-0.02172955,0.0
38,0.5663673,-0.15859307,0.0
39,0.3224882,-0.056659643,0.0
40,-0.4037337,0.060927667,0.0
41,-0.10481952,0.2936573,0.0
42,-0.0539381,-0.03370076,0.0
43,-0.1357367,0.20106187,0.0
44,-0.12944299,-0.22408521,0.0
45,-0.09414943,-0.2758594,0.0
46,-0.33690047,-0.024034856,0.0
47,-0.21122278,-0.17929362,0.0
48,-0.328897,-0.020199364,0.0
49,0.07525193,0.5085516,0.0
50,-0.45692652,-0.054360215,0.0
51,-0.4007463,-0.15679745,0.0
52,0.042487536,0.100085415,0.0
53,-0.119036056,-0.06978562,0.0
54,-0.2803141,-0.32581726,0.0
55,-0.08070801,-0.26439744,0.0
56,-0.08726385,-0.22468615,0.0
57,0.08059315,0.028060924,0.0
58,0.3346712,-0.11504228,0.0
59,-0.4815393,-0.19932477,0.0
60,0.30862713,-0.22061522,0.0
61,-0.2063804,0.29522654,0.0
62,-0.0454603,0.3085733,0.0
63,-0.16822717,0.24613015,0.0
64,-0.05558254,0.059955962,0.0
65,-0.22867909,-0.046083953,0.0
66,0.29832888,-0.18026449,0.0
67,0.120386586,-0.10511377,0.0
68,0.16969275,0.27532747,0.0
69,-0.14882097,-0.09918895,0.0
70,-0.23403387,-0.08580646,0.0
71,0.07502263,-0.115568586,0.0
72,0.22520033,-0.33581296,0.0
73,0.068896875,-0.16090733,0.0
74,-0.0073873214,0.123618975,0.0
75,-0.37492326,-0.14083444,0.0
76,-0.13905632,0.056783453,0.0
77,0.3645746,0.21384938,0.0
78,0.08530297,-0.12784536,0.0
79,0.07774658,-0.37923923,0.0
80,-0.089053005,0.20473722,0.0
81,-0.15400355,0.08385796,0.0
82,-0.17421527,0.14384937,0.0
83,-0.08152363,0.2685185,0.0
84,-0.04432169,0.39073834,0.0
85,0.3335557,0.13716342,0.0
86,0.031112118,0.24762447,0.0
87,0.2274046,-0.14397132,0.0
88,0.106844045,0.4653213,0.0
89,0.08663262,0.08418729,0.0
90,0.42143175,-0.02480265,0.0
91,-0.35444972,-0.13065419,0.0
92,0.08958376,0.3686496,0.0
93,-0.05811663,0.080205,0.0
94,0.04955315,0.33529544,0.0
95,0.062428277,0.24110897,0.0
96,-0.10089085,0.22821563,0.0
97,0.15375814,-0.38068634,0.0
98,-0.21451867,-0.1524937,0.0
99,-0.047030997,-0.11155885,0.0
100,-0.17216828,0.08209186,1.0
101,0.31224427,0.49824914,1.0
102,0.1039529,-0.39885086,1.0
103,0.04191262,-0.31530437,1.0
104,0.070065826,-0.2697712,1.0
105,-0.18782783,-0.08472764,1.0
106,-0.07078253,-0.12276357,1.0
107,-0.19632253,0.38737047,1.0
108,-0.13953552,0.055872064,1.0
109,0.2694777,-0.3417809,1.0
110,0.16277206,-0.47051454,1.0
111,0.340592,-0.04026065,1.0
112,-0.035584122,-0.113957025,1.0
113,0.24764991,0.49481553,1.0
114,0.0058272444,-0.24189875,1.0
115,0.3540487,-0.28436422,1.0
116,-0.22127019,-0.007702518,1.0
117,-0.15043283,0.019572932,1.0
118,-0.3892094,-0.020150682,1.0
119,-0.24897525,-0.056807928,1.0
120,-0.05501674,-0.2624891,1.0
121,0.24550019,0.31061605,1.0
122,-0.055369034,0.2812081,1.0
123,-0.26147562,-0.23466015,1.0
124,-0.10801405,0.054324903,1.0
125,-0.1613406,-0.16190556,1.0
126,0.002173713,0.14375661,1.0
127,0.018986154,-0.22546333,1.0
128,0.24876292,-0.020157736,1.0
129,0.1433469,-0.2402052,1.0
130,0.1439922,0.27673104,1.0
131,-0.015593953,0.0025339322,1.0
132,-0.0550496,-0.2848937,1.0
133,0.060619272,0.102140345,1.0
134,0.3570677,-0.15851547,1.0
135,-0.43129098,-0.011986963,1.0
136,0.26926953,-0.14074147,1.0
137,0.11619492,0.5010329,1.0
138,-0.042528488,-0.19143327,1.0
139,-0.061560176,0.47371066,1.0
140,0.19675158,0.35687178,1.0
141,-0.21827096,0.4900921,1.0
142,0.039058797,-0.21815492,1.0
143,-0.38666606,0.015422869,1.0
144,0.15385827,-0.32799634,1.0
145,0.090552054,0.3009467,1.0
146,-0.24645753,-0.09254093,1.0
147,-0.20027399,-0.14039673,1.0
148,-0.021870365,0.35516578,1.0
149,0.19703019,-0.22130203,1.0
150,-0.13057695,0.24217308,1.0
151,-0.33260262,0.039301567,1.0
152,0.20289975,0.42211714,1.0
153,-0.046921715,0.32388437,1.0
154,-0.19474354,-0.05376556,1.0
155,0.25298566,-0.18705326,1.0
156,-0.058541514,0.120548174,1.0
157,0.069879964,0.22898749,1.0
158,0.507785,-0.04072701,1.0
159,-0.4039005,0.05532286,1.0
160,0.3113228,0.298822,1.0
161,-0.20341551,-0.19568966,1.0
162,0.27586007,-0.22698954,1.0
163,-0.47411323,-0.09983107,1.0
164,0.032220423,0.23722962,1.0
165,0.05908038,0.347233,1.0
166,0.33964613,-0.0894039,1.0
167,0.1702481,0.4142807,1.0
168,0.10699719,-0.23231195,1.0
169,0.13540238,0.40866745,1.0
170,-0.24207617,-0.115288705,1.0
171,0.21893568,-0.38371554,1.0
172,-0.18301995,0.21196897,1.0
173,0.28624123,0.19787435,1.0
174,0.41646716,-0.23312469,1.0
175,0.4472397,-0.036933854,1.0
176,0.28451985,0.3742471,1.0
177,-0.40588418,0.123609625,1.0
178,-0.0029355309,-0.14252234,1.0
179,0.41358462,-0.1143894,1.0
180,-0.083942726,0.051928155,1.0
181,0.13013178,0.28385252,1.0
182,-0.079006895,-0.17012882,1.0
183,-0.46338224,0.20277917,1.0
184,0.41640958,0.14815265,1.0
185,0.09316421,0.16937324,1.0
186,-0.20550866,0.24547969,1.0
187,-0.3496344,-0.26150376,1.0
188,-0.066850446,-0.27768603,1.0
189,0.093426764,0.25918388,1.0
190,-0.33399057,-0.23789254,1.0
191,0.12368205,-0.4485633,1.0
192,-0.052409038,-0.00064395444,1.0
193,0.35382426,0.40922633,1.0
194,0.23447718,-0.3034746,1.0
195,-0.15410732,0.24716759,1.0
196,-0.32762355,-0.3686884,1.0
197,0.10660924,-0.2392546,1.0
198,0.58572567,-0.15213731,1.0
199,-0.30008024,0.2727587,1.0
200,0.15501519,0.4710116,2.0
201,-0.024525635,-0.08788368,2.0
202,0.2874167,-0.19640198,2.0
203,-0.18789072,0.1006947,2.0
204,-0.028910255,-0.19503103,2.0
205,-0.094619036,-0.024520284,2.0
206,-0.17813657,-0.170495,2.0
207,-0.089566134,0.008401224,2.0
208,-0.024165448,0.026261877,2.0
209,0.14668778,0.26385644,2.0
210,-0.26825786,-0.049422894,2.0
211,-0.12065417,0.10790752,2.0
212,-0.0054438864,0.37188438,2.0
213,-0.15122582,-0.22866783,2.0
214,0.28815895,-0.039060004,2.0
215,-0.35764256,-0.10651433,2.0
216,-0.30910045,-0.1359851,2.0
217,-0.302084,0.1443318,2.0
218,-0.05673111,-0.08479386,2.0
219,0.16679351,-0.2701288,2.0
220,0.022649102,-0.27367002,2.0
221,0.029829947,0.22231086,2.0
222,-0.29204357,-0.1687475,2.0
223,-0.23433486,0.27873865,2.0
224,-0.077968515,-0.19300348,2.0
225,0.06624414,-0.06032212,2.0
226,-0.3370391,-0.06479032,2.0
227,0.53881234,-0.082752556,2.0
228,-0.15709288,-0.15332575,2.0
229,0.2968271,0.08961231,2.0
230,-0.07671019,-0.30541852,2.0
231,-0.05958739,-0.30509427,2.0
232,0.36436296,0.38203597,2.0
233,0.42572778,0.06546531,2.0
234,-0.08604528,-0.26975065,2.0
235,0.35306492,-0.21112657,2.0
236,-0.18910669,0.23258753,2.0
237,0.31511772,0.39118093,2.0
238,-0.07937635,-0.27559802,2.0
239,0.022996454,0.09689883,2.0
240,-0.2943711,-0.02799658,2.0
241,0.12814252,0.19161518,2.0
242,-0.35303932,-0.3225112,2.0
243,-0.1734377,-0.19619016,2.0
244,0.12006328,-0.106657274,2.0
245,-0.011173068,0.28991798,2.0
246,0.37561783,0.20277248,2.0
247,0.049243256,-0.29237798,2.0
248,-0.32795078,-0.24864216,2.0
249,-0.2667251,0.11697826,2.0
250,-0.2121106,-0.015286288,2.0
251,-0.063396096,-0.17692378,2.0
252,-0.275929,-0.37547892,2.0
253,-0.4486246,0.2571538,2.0
254,-0.17940582,-0.08123933,2.0
255,-0.11591274,0.4229881,2.0
256,-0.33972174,0.12266289,2.0
257,-0.1612526,-0.1030191,2.0
258,0.053143296,0.24043314,2.0
259,0.1970339,0.27087268,2.0
260,-0.13375139,0.2595409,2.0
261,0.16383706,0.30654868,2.0
262,0.29044378,-0.09185295,2.0
263,0.5532044,-0.19825299,2.0
264,0.11879731,0.44819123,2.0
265,0.012829796,0.27473947,2.0
266,0.519564,-0.11583793,2.0
267,0.117739595,-0.09901466,2.0
268,0.05261581,0.4209636,2.0
269,-0.14705113,-0.22978531,2.0
270,0.13390978,0.38396633,2.0
271,0.20813859,-0.032507826,2.0
272,-0.10443968,0.10317042,2.0
273,-0.165031,-0.14152157,2.0
274,-0.003386023,0.06707089,2.0
275,-0.12508263,0.16420852,2.0
276,0.30724055,-0.15290388,2.0
277,-0.36390883,-0.04522263,2.0
278,-0.11911767,0.22515024,2.0
279,-0.044171877,0.06229937,2.0
280,-0.11654982,0.16759466,2.0
281,0.32309633,0.03313099,2.0
282,0.12575889,-0.002597124,2.0
283,-0.115978345,-0.31729427,2.0
284,0.5164567,-0.15261562,2.0
285,-0.05007144,-0.09597445,2.0
286,0.1952395,-0.14307028,2.0
287,0.19616531,0.09485478,2.0
288,0.074901156,0.46494478,2.0
289,-0.16234371,0.19367087,2.0
290,-0.4270183,-0.24788359,2.0
291,-0.2281809,-0.26907533,2.0
292,0.15262628,-0.27755156,2.0
293,0.12504163,-0.27983823,2.0
294,0.30299166,-0.10833291,2.0
295,-0.1956191,-0.19248703,2.0
296,0.40468737,-0.0184971,2.0
297,0.2936718,0.12987325,2.0
298,-0.2756344,-0.0022205475,2.0
299,0.48062903,0.13194218,2.0
300,0.34891555,0.017662007,3.0
301,0.32191437,-0.0552193,3.0
302,0.018296057,-0.13765383,3.0
303,-0.12314529,-0.061808288,3.0
304,0.0653286,0.47594863,3.0
305,0.53291655,0.071276754,3.0
306,-0.10208297,0.48724353,3.0
307,0.3330488,-0.29749236,3.0
308,-0.36487588,0.21541832,3.0
309,-0.2891163,-0.008679637,3.0
310,0.414442,-0.27144173,3.0
311,0.08774317,-0.103265055,3.0
312,0.3050535,-0.15015821,3.0
313,0.26764676,-0.36555254,3.0
314,0.16454616,0.48807737,3.0
315,0.34856245,-0.18912233,3.0
316,0.0037738488,0.27075613,3.0
317,-0.11076782,-0.27224407,3.0
318,-0.033806346,-0.07356756,3.0
319,0.13034514,0.20993197,3.0
320,0.24395417,0.29325625,3.0
321,-0.09826088,0.14469813,3.0
322,0.10208219,0.033776082,3.0
323,-0.23221098,0.30317873,3.0
324,0.48911268,-0.27992424,3.0
325,-0.093468316,-0.16705588,3.0
326,0.51132387,-0.28506276,3.0
327,0.02161124,-0.19544539,3.0
328,-0.09784098,-0.17418686,3.0
329,-0.019980209,0.081437044,3.0
330,-0.028157435,-0.1393803,3.0
331,-0.18671392,0.102524966,3.0
332,0.051294442,0.21251178,3.0
333,-0.19032273,-0.22020042,3.0
334,-0.15624563,-0.22910605,3.0
335,-0.1037875,-0.11011783,3.0
336,-0.17949349,0.24787652,3.0
337,0.07761311,0.43548685,3.0
338,0.07408617,0.46263537,3.0
339,0.0054722964,-0.12956472,3.0
340,-0.04207072,-0.30183607,3.0
341,0.18116835,0.36313656,3.0
342,0.058983594,0.13436738,3.0
343,0.33778647,-0.19311741,3.0
344,0.34469226,-0.011499413,3.0
345,0.14977586,0.10154765,3.0
346,-0.12575932,-0.14742754,3.0
347,0.16039169,-0.10517875,3.0
348,0.15744942,-0.1614445,3.0
349,-0.04038426,0.43634978,3.0
350,-0.065904684,-0.026044482,3.0
351,-0.17362636,0.34947643,3.0
352,-0.20380089,-0.03876779,3.0
353,0.3254327,-0.1995573,3.0
354,-0.03240747,-0.10058729,3.0
355,-0.007512358,0.120549865,3.0
356,0.42803434,-0.28097147,3.0
357,-0.31521946,0.14547831,3.0
358,-0.043565184,0.12525222,3.0
359,-0.28168902,0.117913865,3.0
360,-0.21464129,-0.44412428,3.0
361,-0.22553119,-0.08232194,3.0
362,0.51891714,0.13850984,3.0
363,0.16791092,-0.055382784,3.0
364,-0.21018365,-0.12517262,3.0
365,-0.4568325,-0.13264662,3.0
366,0.30452383,-0.15814897,3.0
367,-0.1552347,-0.012567592,3.0
368,0.11958665,-0.0096957395,3.0
369,0.1281931,-0.040474344,3.0
370,-0.0997783,-0.16806018,3.0
371,0.55420536,0.22873227,3.0
372,0.15129302,-0.023397923,3.0
373,-0.17975381,-0.1605732,3.0
374,-0.1342314,-0.117064275,3.0
375,0.25991428,-0.1510739,3.0
376,-0.398188,-0.048995353,3.0
377,0.291168,-0.332128,3.0
378,0.56300634,-0.20715988,3.0
379,-0.14698753,-0.07502439,3.0
380,-0.13731818,-0.10544809,3.0
381,-0.2438166,0.18866095,3.0
382,-0.18773463,0.23526737,3.0
383,0.015108429,0.39302298,3.0
384,-0.23818192,0.38574108,3.0
385,0.19803156,0.12623528,3.0
386,-0.209782,0.00042001938,3.0
387,0.16451786,-0.45248884,3.0
388,0.1738994,0.18784744,3.0
389,0.37096357,0.14784352,3.0
390,0.101026125,-0.120138764,3.0
391,0.1995534,0.38941622,3.0
392,-0.2281795,0.38612312,3.0
393,-0.17876153,-0.28160346,3.0
394,0.31187883,-0.056658003,3.0
395,-0.05941241,0.03610116,3.0
396,-0.196702,0.006900522,3.0
397,-0.09949222,-0.3148941,3.0
398,0.00258867,0.07764909,3.0
399,-0.06217534,0.010947044,3.0
400,-0.07949788,0.14321151,4.0
401,0.08892166,-0.1226943,4.0
402,0.20721853,0.35380247,4.0
403,0.07616621,-0.22667249,4.0
404,0.45894685,0.04944284,4.0
405,0.14528802,0.33563006,4.0
406,-0.19005069,-0.26579237,4.0
407,0.08623707,0.22316025,4.0
408,-0.26636,-0.04232943,4.0
409,0.32892928,-0.38067126,4.0
410,0.15239008,0.42163435,4.0
411,-0.37806693,-0.17797574,4.0
412,-0.07189683,-0.3093281,4.0
413,0.021717498,0.15977873,4.0
414,0.022781907,-0.15111148,4.0
415,-0.08591719,0.036437813,4.0
416,-0.21685578,-0.043572012,4.0
417,0.12233382,-0.14206268,4.0
418,-0.39223135,-0.036868382,4.0
419,0.11767265,0.42559707,4.0
420,-0.23794271,-0.11643666,4.0
421,-0.2400011,-0.114387535,4.0
422,0.059122432,-0.23658092,4.0
423,-0.17803074,0.07168335,4.0
424,-0.2624896,0.021286499,4.0
425,0.3606671,-0.050767682,4.0
426,0.34232736,-0.30710098,4.0
427,0.11699341,0.5749285,4.0
428,-0.16176102,-0.11535411,4.0
429,-0.15405738,0.20650505,4.0
430,-0.13871066,-0.08573947,4.0
431,-0.33576342,-0.11235809,4.0
432,0.01325058,0.33833647,4.0
433,-0.2440587,-0.17105752,4.0
434,0.047467086,0.37014458,4.0
435,-0.22941926,-0.41682744,4.0
436,0.2119807,0.23019953,4.0
437,-0.046166673,-0.1771165,4.0
438,0.30461863,-0.023575813,4.0
439,0.010867109,-0.36172444,4.0
440,-0.16879325,0.28216758,4.0
441,-0.109343246,-0.092168644,4.0
442,0.38808033,0.3147917,4.0
443,0.22324786,-0.21720959,4.0
444,-0.40477476,-0.1437734,4.0
445,0.13943498,-0.03317273,4.0
446,0.14154035,0.1749886,4.0
447,0.44061065,-0.20259704,4.0
448,0.202327,-0.30055714,4.0
449,-0.33437595,-0.26677236,4.0
450,-0.081145346,-0.19717439,4.0
451,0.0030404895,-0.041106217,4.0
452,-0.15877618,0.08627162,4.0
453,-0.08366318,0.061700046,4.0
454,0.030251069,0.39534214,4.0
455,0.30814332,-0.021937005,4.0
456,-0.29859796,0.008479348,4.0
457,0.5316113,-0.2678404,4.0
458,-0.1503808,0.40253088,4.0
459,-0.19211648,0.11099339,4.0
460,-0.15424784,-0.1719571,4.0
461,0.040837254,-0.057724882,4.0
462,-0.21798381,0.06813307,4.0
463,-0.15790442,-0.2798873,4.0
464,-0.32873574,-0.16067049,4.0
465,0.041063912,0.20747192,4.0
466,-0.12344354,0.26612204,4.0
467,0.12920173,0.2401385,4.0
468,-0.20109177,0.1141349,4.0
469,0.47047898,0.3076812,4.0
470,0.2581969,-0.2230421,4.0
471,0.14680004,-0.1975924,4.0
472,-0.13991594,-0.16987272,4.0
473,0.022628905,-0.35044074,4.0
474,-0.0843264,-0.23475237,4.0
475,-0.10625146,0.33732677,4.0
476,0.28760684,-0.29836488,4.0
477,-0.0005874511,-0.3344113,4.0
478,0.20895001,-0.11427523,4.0
479,0.1989436,-0.2324534,4.0
480,-0.07592845,-0.11972374,4.0
481,-0.054153137,-0.22974002,4.0
482,-0.2215207,0.09131361,4.0
483,0.06471038,0.1070742,4.0
484,-0.124383524,-0.12976693,4.0
485,-0.12221477,-0.19266856,4.0
486,0.030606212,0.023314552,4.0
487,0.13616918,0.4789397,4.0
488,0.3562559,-0.23888636,4.0
489,0.1486201,0.47582695,4.0
490,0.31531286,0.07642894,4.0
491,0.21722026,0.0033668838,4.0
492,0.120201156,0.35324934,4.0
493,0.11440064,-0.32850817,4.0
494,0.22325502,-0.27346712,4.0
495,-0.17135857,0.15738629,4.0
496,-0.15622911,-0.06523044,4.0
497,-0.3406761,-0.0805938,4.0
498,-0.06108336,0.051379737,4.0
499,0.5124754,-0.2477629,4.0
500,-0.11880179,0.35932273,5.0
501,0.4492682,-0.35006928,5.0
502,0.4841809,0.19600005,5.0
503,0.40589923,-0.2121337,5.0
504,0.34102514,0.17399478,5.0
505,-0.27003187,0.24386583,5.0
506,0.23267454,-0.06246999,5.0
507,0.08065295,-0.13929011,5.0
508,0.09950794,-0.22511582,5.0
509,0.18844849,0.3943957,5.0
510,-0.35730967,0.21915615,5.0
511,-0.17848574,-0.1896705,5.0
512,0.14349611,-0.15868208,5.0
513,0.0005337021,0.47314775,5.0
514,-0.18101484,-0.29544201,5.0
515,-0.15962294,0.28330997,5.0
516,0.48964384,-0.2888953,5.0
517,-0.31174892,-0.068988055,5.0
518,-0.14654711,0.12323688,5.0
519,0.22149861,-0.22717217,5.0
520,0.016185915,-0.11293376,5.0
521,-0.06537056,0.30899042,5.0
522,-0.059322864,0.07360748,5.0
523,0.13494372,0.1667773,5.0
524,0.37550792,-0.25961873,5.0
525,0.0051010065,-0.07657593,5.0
526,0.111603014,-0.28254378,5.0
527,-0.036874056,-0.20635216,5.0
528,-0.38128778,-0.029657643,5.0
529,0.23887432,-0.17299083,5.0
530,-0.05723078,-0.21194859,5.0
531,-0.35006976,-0.08470438,5.0
532,-0.23340192,-0.121239424,5.0
533,0.09247114,-0.08190987,5.0
534,0.425087,0.06439488,5.0
535,-0.16344774,-0.16900311,5.0
536,0.35900658,-0.05844327,5.0
537,0.35120228,0.14656503,5.0
538,-0.049238276,0.32936358,5.0
539,0.4595217,-0.32363558,5.0
540,-0.22505283,-0.32616052,5.0
541,-0.10679425,-0.036130477,5.0
542,-0.1823151,-0.16528496,5.0
543,0.11802046,-0.18495987,5.0
544,0.3578615,-0.06974405,5.0
545,0.04698841,-0.029875798,5.0
546,-0.04587703,0.007956202,5.0
547,0.2509479,-0.016231237,5.0
548,-0.01754419,-0.114687696,5.0
549,0.07267429,-0.11193374,5.0
550,0.30862406,0.01849684,5.0
551,-0.004665372,0.2003695,5.0
552,-0.011144965,0.15253985,5.0
553,0.27146465,-0.32108003,5.0
554,0.051623844,-0.2069893,5.0
555,-0.10386622,0.13075769,5.0
556,0.033875953,0.16582851,5.0
557,-0.14438234,0.044793475,5.0
558,-0.1490415,0.25221163,5.0
559,-0.31799185,-0.102671795,5.0
560,0.44579613,-0.21231657,5.0
561,-0.23605004,-0.16562591,5.0
562,0.10237918,-0.005632115,5.0
563,0.019877939,-0.13232824,5.0
564,0.06930125,0.38909233,5.0
565,-0.33715218,-0.044915285,5.0
566,0.07623747,0.16956243,5.0
567,-0.3417835,-0.08800939,5.0
568,0.013347511,-0.23450083,5.0
569,0.22309817,-0.28924108,5.0
570,0.036639713,0.13865557,5.0
571,-0.09529482,0.30722246,5.0
572,-0.15045437,0.13847315,5.0
573,-0.19287921,-0.039696485,5.0
574,-0.24127167,-0.11509078,5.0
575,-0.16982375,0.08489305,5.0
576,0.00049779686,0.112839915,5.0
577,-0.24287066,0.12214033,5.0
578,-0.22794122,0.1219544,5.0
579,0.24733567,-0.096484214,5.0
580,-0.3049718,-0.15961361,5.0
581,-0.15005496,0.06354574,5.0
582,-0.022450604,-0.15431657,5.0
583,0.051350005,0.13298997,5.0
584,-0.1840149,0.016929831,5.0
585,-0.08512804,0.32394272,5.0
586,0.18954363,-0.15073884,5.0
587,0.08681354,0.26881534,5.0
588,0.25639364,-0.032030966,5.0
589,0.40592214,-0.23428386,5.0
590,-0.24551679,0.14569552,5.0
591,0.0664864,0.4160533,5.0
592,-0.03630972,0.19296537,5.0
593,-0.20288219,-0.12806718,5.0
594,0.255795,0.25191408,5.0
595,0.29319853,-0.3373716,5.0
596,-0.16915777,-0.25075474,5.0
597,-0.3325886,0.121906586,5.0
598,0.08338414,0.28325683,5.0
599,-0.29318365,0.035917472,5.0
600,0.15135616,-0.13997965,6.0
601,-0.22763118,-0.07328952,6.0
602,0.23429881,-0.21724764,6.0
603,-0.42267862,-0.14240281,6.0
604,0.23625489,0.45882878,6.0
605,-0.10679034,0.041054625,6.0
606,-0.25328216,-0.12135373,6.0
607,-0.18932879,0.09149575,6.0
608,0.075623065,0.20749462,6.0
609,0.3176215,-0.028122924,6.0
610,-0.23517169,0.039187744,6.0
611,-0.43107155,0.02329751,6.0
612,0.44614613,-0.020069838,6.0
613,-0.3194748,0.09350408,6.0
614,-0.16356316,0.16315372,6.0
615,-0.28962705,-0.018215466,6.0
616,-0.034142192,-0.033470664,6.0
617,0.5446154,-0.11650502,6.0
618,-0.17996275,-0.27394858,6.0
619,-0.12665173,0.11288715,6.0
620,-0.20928656,0.37762192,6.0
621,-0.30847088,-0.1589209,6.0
622,0.35011223,0.11752852,6.0
623,-0.031627756,0.36620623,6.0
624,-0.20180477,0.32645327,6.0
625,0.35177898,0.27699512,6.0
626,-0.12281937,0.09152309,6.0
627,0.2376644,-0.3481467,6.0
628,0.37130547,0.30354303,6.0
629,0.17418987,-0.06510683,6.0
630,-0.13824394,-0.04612502,6.0
631,0.20614147,-0.27301943,6.0
632,0.27026924,0.46270946,6.0
633,-0.22110853,-0.1809914,6.0
634,0.039111882,-0.112682804,6.0
635,0.26855785,-0.36048758,6.0
636,-0.24522306,-0.15918583,6.0
637,0.24476501,0.20905572,6.0
638,0.062345408,0.06393898,6.0
639,-0.04277184,0.3517418,6.0
640,0.29358476,0.09848374,6.0
641,-0.04554355,0.42665297,6.0
642,0.17165856,0.21279825,6.0
643,0.15827462,0.43801987,6.0
644,0.062395275,0.40269205,6.0
645,0.06565292,-0.23084989,6.0
646,-0.034733865,-0.093181714,6.0
647,-0.22697408,0.05245617,6.0
648,-0.068778835,-0.0007648473,6.0
649,-0.03824022,-0.15061793,6.0
650,-0.41702887,-0.057740714,6.0
651,-0.29834682,-0.20614114,6.0
652,-0.2477575,-0.06129682,6.0
653,0.11117366,0.19327049,6.0
654,-0.2275348,0.20796826,6.0
655,0.26399764,-0.08762078,6.0
656,-0.14259069,-0.18705213,6.0
657,-0.3455909,0.032384634,6.0
658,-0.010965761,-0.08612553,6.0
659,0.20336987,0.27905285,6.0
660,0.051118065,-0.0011671791,6.0
661,0.4931354,-0.19778498,6.0
662,-0.20628217,-0.0057208077,6.0
663,0.12980461,0.108992286,6.0
664,-0.41564468,-0.07915864,6.0
665,-0.15802526,-0.20606568,6.0
666,-0.04056863,-0.20666584,6.0
667,0.14147523,-0.3594151,6.0
668,0.07822087,0.031787794,6.0
669,0.40218234,-0.15533851,6.0
670,-0.3000302,-0.07976096,6.0
671,0.24005471,0.009180709,6.0
672,0.055803604,0.190135,6.0
673,-0.22633168,-0.17745073,6.0
674,-0.12265202,-0.10407282,6.0
675,-0.271622,0.17778005,6.0
676,0.33973613,-0.2908174,6.0
677,-0.3031469,-0.05256624,6.0
678,0.027348652,-0.17671154,6.0
679,-0.14627223,-0.3654921,6.0
680,0.3575534,-0.3412083,6.0
681,-0.33166382,0.08615535,6.0
682,-0.3405009,0.15968797,6.0
683,-0.12260951,0.40340373,6.0
684,-0.1250365,-0.2822086,6.0
685,-0.16005221,0.123669825,6.0
686,-0.13750152,0.2992891,6.0
687,-0.2525734,-0.21270214,6.0
688,0.4697998,0.04121417,6.0
689,-0.3333551,0.06710066,6.0
690,0.09525929,-0.17044611,6.0
691,0.3411136,-0.16524534,6.0
692,0.5063258,0.14125533,6.0
693,-0.13685422,0.13978148,6.0
694,0.18655357,-0.35583696,6.0
695,0.094923064,0.187433,6.0
696,0.22457598,0.4090725,6.0
697,0.08531604,0.17726262,6.0
698,-0.17857967,0.07603195,6.0
699,-0.34573624,-0.059993215,6.0
700,-0.1254923,0.07703716,7.0
701,-0.0771468,-0.2287194,7.0
702,0.051573347,-0.030772384,7.0
703,-0.17173527,-0.20906399,7.0
704,-0.13124417,-0.20488799,7.0
705,-0.21370748,-0.2390015,7.0
706,0.08620913,0.11050247,7.0
707,-0.14177987,0.31918043,7.0
708,-0.04688222,-0.021684257,7.0
709,-0.08967078,-0.27999154,7.0
710,0.12749915,0.055707533,7.0
711,-0.0038519632,-0.2312255,7.0
712,-0.061739944,-0.17525007,7.0
713,0.29111633,0.04552533,7.0
714,0.101205096,0.3490929,7.0
715,0.2240961,-0.054307014,7.0
716,0.31578723,0.016301185,7.0
717,-0.47944313,0.12170981,7.0
718,-0.43344268,-0.12089261,7.0
719,0.042408943,0.077685736,7.0
720,-0.14078707,-0.11290085,7.0
721,-0.24274527,-0.28819904,7.0
722,0.27526835,-0.27061757,7.0
723,-0.0575426,0.107138686,7.0
724,-0.21391444,-0.083977334,7.0
725,0.4228073,-0.18433182,7.0
726,-0.17623772,-0.22755319,7.0
727,0.163054,0.15860844,7.0
728,0.026957816,0.23400317,7.0
729,0.10614722,0.017691454,7.0
730,0.013753996,-0.21757495,7.0
731,0.0205529,0.2592585,7.0
732,0.05874917,0.301215,7.0
733,-0.09376332,-0.29481065,7.0
734,0.13598186,0.38385904,7.0
735,-0.16098353,-0.017208591,7.0
736,0.01431716,0.043045755,7.0
737,0.00952438,0.25077698,7.0
738,-0.14563353,0.25046095,7.0
739,-0.40637723,0.1252946,7.0
740,0.09225856,-0.16684698,7.0
741,-0.13978842,0.26085588,7.0
742,-0.2761106,0.024679331,7.0
743,-0.20590967,-0.036920436,7.0
744,0.13328384,-0.4259642,7.0
745,0.05221718,0.2623531,7.0
746,-0.2915559,-0.075888634,7.0
747,-0.2058667,0.015060684,7.0
748,-0.18832819,0.2110056,7.0
749,0.31357703,0.18438789,7.0
750,-0.06212559,-0.3059126,7.0
751,0.11977748,-0.0065070023,7.0
752,-0.04278265,0.062364288,7.0
753,-0.153589,-0.17500302,7.0
754,-0.24194932,0.2118343,7.0
755,-0.014730986,0.20846675,7.0
756,-0.08511503,0.25843814,7.0
757,-0.18483809,-0.055745292,7.0
758,0.4099068,0.119853556,7.0
759,-0.25990683,-0.06707331,7.0
760,0.042666845,-0.09882059,7.0
761,0.40159753,0.07122576,7.0
762,-0.21282294,0.0150025245,7.0
763,0.13808303,-0.2854095,7.0
764,-0.19013375,0.0036789149,7.0
765,0.44708002,0.027332434,7.0
766,-0.093348734,-0.09338478,7.0
767,-0.0034237374,-0.21982144,7.0
768,-0.34446916,-0.16746953,7.0
769,-0.26462924,0.046115797,7.0
770,-0.43535632,-0.15989436,7.0
771,-0.04853487,-0.070372246,7.0
772,-0.18390535,-0.13396713,7.0
773,0.097665265,-0.29667217,7.0
774,0.3503606,0.14743279,7.0
775,-0.20401175,-0.374607,7.0
776,0.018870106,0.15019092,7.0
777,-0.16681844,0.040945847,7.0
778,-0.35055122,-0.047707915,7.0
779,0.06544472,-0.16854937,7.0
780,0.08772106,-0.34643918,7.0
781,0.016245337,0.35660657,7.0
782,-0.18107224,-0.15111487,7.0
783,-0.15564798,0.16934395,7.0
784,-0.21580796,-0.26995748,7.0
785,-0.11794755,-0.029017815,7.0
786,-0.08338832,-0.23048134,7.0
787,0.10746233,0.008403766,7.0
788,0.08880952,0.277625,7.0
789,0.39291254,-0.28977215,7.0
790,-0.27296776,0.03256249,7.0
791,0.3484188,0.24691507,7.0
792,-0.046653472,0.036803737,7.0
793,0.399338,-0.22002584,7.0
794,-0.28609577,0.23581634,7.0
795,-0.14503954,0.25347885,7.0
796,0.26495764,-0.30997968,7.0
797,-0.04569178,-0.20294315,7.0
798,0.17920288,-0.06388051,7.0
799,-0.2086886,-0.16009144,7.0
